model,val_mae,val_rmse,test_mae,test_rmse,test_rmse_improvement_vs_naive_pct
HistGBR,202361.51263211833,404783.94043666375,216082.63981739493,393489.2706136952,57.58193983562834
RandomForest,202493.46674960505,414854.2742652153,215149.4015349781,396947.2180253025,57.2091738358794
NaiveMedian,558363.558404454,965708.341638282,561898.9785247862,927645.6044640153,0.0
